4.1663,-5.8012,2.9205,-1.6171,-1.2406,0.67831,0.35057,-0.20683,0.003341,0.56628,0.18811,0.13535,-0.10311,-0.10952,-0.6686,-11.835,0.28034,-0.072269,-0.068179,0.10158,0.07604,-0.020439,-0.092117,0.10325,-0.020659,-0.13166,-0.016352,-0.20324
4.245,-5.633,3.3143,-1.7843,-1.0268,0.65596,0.28108,0.0088909,0.16779,0.57897,-0.069175,0.094733,-0.009017,-0.1526,-0.64291,-12.096,0.20606,-0.041488,0.061697,0.011786,0.13121,0.11706,-0.052247,-0.054661,-0.074187,0.11435,0.096557,-0.0012878
3.6288,-7.0679,3.3759,-1.2245,-0.8316,0.43999,0.56921,-0.064107,0.10343,0.31631,-0.36417,0.1462,0.2195,-0.14682,-0.64347,-12.244,-0.13003,-0.22329,-0.14076,-0.040681,-0.26607,-0.07409,0.058325,-0.11342,-0.23512,-0.17701,-0.22788,0.012994
2.7193,-7.126,2.7901,-0.73083,-0.61612,0.20466,0.76541,-0.17746,-0.10094,0.38953,0.047845,0.24225,0.35407,-0.14763,-0.60139,-12.078,-0.086747,-0.08571,0.16276,-0.1372,-0.37054,-0.26153,-0.1245,-0.2563,-0.34961,-0.21838,-0.34428,-0.23114
2.5125,-7.4804,2.5073,-0.70935,-0.49196,0.075012,0.43096,-0.10536,-0.04511,0.73436,-0.09104,0.031367,0.20791,-0.46559,-0.5748,-12.131,0.13388,-0.12341,-0.14584,0.01204,-0.10499,-0.027894,-0.0077823,-0.23069,0.051265,-0.036197,0.11023,0.10269
2.0732,-7.9724,2.6436,-0.41647,-0.38374,0.22336,0.10502,-0.12822,0.11059,0.35004,0.012376,0.42414,0.37702,-0.46465,-0.56638,-12.107,-0.29682,-0.22499,-0.17529,0.04791,0.004003,-0.23796,-0.043064,0.076222,-0.1157,-0.26213,-0.078276,0.25389
1.7236,-8.4156,2.651,-0.40102,-0.37916,0.2601,0.24472,-0.15776,0.10314,0.050197,-0.29849,0.058477,0.15662,-0.37737,-0.61409,-12.137,-0.081355,-0.2008,-0.076266,-0.2246,-0.17443,-0.05602,-0.022962,-0.0072233,0.063068,0.1418,-0.067432,0.1274
1.5194,-8.4924,2.2339,-0.37091,-0.29983,0.18643,0.31453,-0.03583,0.17637,0.28118,-0.043824,-0.13104,-0.075824,-0.43848,-0.64827,-12.061,0.2339,0.15873,-0.039529,-0.078289,-0.2007,-0.0080347,-0.08889,-0.26168,-0.018985,0.13515,-0.10932,0.011871
1.4226,-8.5014,2.2438,-0.43494,0.17199,0.44761,0.13528,-0.15366,0.25601,0.53728,0.10246,-0.22572,-0.19131,-0.3733,-0.67748,-12.115,-0.074014,-0.024884,-0.033475,-0.097239,-0.11053,0.035453,-0.063697,-0.048291,0.24314,-0.0026134,-0.24097,0.17303
1.3714,-8.8362,2.0942,-0.88563,-0.12362,0.70387,0.45134,-0.19551,0.013733,0.23699,-0.21648,-0.27872,-0.21893,-0.23259,-0.62143,-12.235,-0.19811,-0.1001,-0.25698,-0.041006,-0.022,-0.16846,-0.37691,-0.052023,-0.025857,-0.30128,-0.30188,0.02862
1.0821,-9.2284,1.898,-0.47156,-0.036502,0.49441,0.4775,-0.034035,-0.13614,0.017775,-0.22596,0.093589,-0.16378,-0.65636,-0.60965,-12.394,-0.18872,-0.23496,-0.32657,-0.074617,-0.032261,-0.015412,-0.0054656,-0.094452,0.04219,-0.074131,-0.042141,-0.31274
0.81806,-9.1398,1.9162,-0.49579,-0.1789,0.37423,0.43014,0.00081572,-0.13903,0.23206,-0.52117,-0.16306,-0.16485,-0.20602,-0.62393,-12.125,-0.13464,-0.26103,-0.11896,-0.036221,0.088939,-0.10497,-0.15308,-0.20214,-0.20497,-0.099112,0.093247,-0.10119
0.63135,-9.4101,1.4749,-0.94942,-0.51521,0.34666,0.47326,-0.12368,-0.33108,0.26381,-0.086536,-0.019164,0.22876,-0.020821,-0.6384,-12.193,-0.19687,-0.27057,-0.3715,-0.30344,0.25975,0.082656,-0.32668,-0.29979,0.011022,-0.13831,-0.16995,0.13086
0.68792,-9.4201,1.5178,-0.72845,-0.40494,0.37673,0.19848,-0.50167,-0.20423,0.16192,-0.12518,0.11931,-0.018764,-0.43914,-0.62369,-12.113,-0.46339,-0.32268,-0.072506,-0.26069,0.049714,0.27177,0.29083,-0.27571,-0.3292,-0.32251,-0.31032,-0.082217
0.77527,-9.1938,2.0072,-0.42338,-0.39854,0.48219,0.27651,-0.40349,-0.074667,0.1393,0.089376,0.076431,0.013769,-0.28816,-0.59836,-12.025,0.0095317,-0.1199,-0.23775,-0.18637,-0.12391,-0.10117,0.07739,-0.097746,-0.25104,0.15248,0.094021,0.098949
0.75879,-9.1261,1.842,-0.7959,-0.46622,0.47478,0.477,-0.13908,0.090032,0.097521,-0.021818,-0.087997,-0.15903,-0.20946,-0.6399,-12.46,-0.12881,-0.25259,-0.0836,-0.039119,-0.15422,-0.099466,-0.15095,-0.19125,-0.26042,-0.076546,0.37492,0.33092
0.77608,-9.5254,1.9742,-0.62166,-0.36017,0.26565,0.21278,-0.082056,-0.044376,-0.068311,0.1249,-0.30919,-0.0061478,-0.16021,-0.6459,-12.335,-0.025501,-0.054134,-0.18331,0.16745,-0.0028667,0.22029,0.010701,-0.096021,-0.15596,-0.072985,0.0091056,0.01681
0.80278,-9.3897,1.9395,-0.65802,-0.58693,0.34114,0.56918,-0.1638,-0.077522,0.2997,-0.034188,-0.34095,-0.085509,-0.2844,-0.65521,-12.339,-0.17089,0.22611,0.15674,0.11002,0.033807,-0.046787,0.06772,0.074693,0.034596,-0.078152,-0.21116,-0.30707
0.93349,-9.0785,1.7805,-0.52686,-0.5082,0.2391,0.49379,-0.060392,-0.10748,0.37669,0.10706,-0.30662,-0.20566,-0.51365,-0.66901,-12.49,-0.21119,0.33743,0.083709,0.0017287,0.14373,0.10584,0.27936,0.10833,-0.00028982,0.041426,-0.11983,-0.11526
0.84824,-9.0499,1.7049,-0.51068,-0.25702,0.4215,0.26996,-0.06216,0.0078781,0.029486,0.065228,-0.0010284,0.11498,-0.2506,-0.71271,-12.303,-0.15176,-0.021168,0.07785,0.014429,0.082193,0.13913,0.21382,-0.038138,-0.1428,-0.10595,-0.0089624,0.033727
0.67817,-9.6234,1.3667,-0.62101,-0.33141,0.44341,0.47672,-0.006382,0.31396,0.32331,-0.073278,-0.04356,0.055606,0.045688,-0.71618,-12.637,-0.39028,-0.34002,0.1045,0.28112,-0.039815,0.011853,0.034658,-0.28526,-0.19597,-0.17497,0.13791,0.11572
0.40981,-9.7523,1.6532,-0.56666,-0.3173,0.49688,0.47465,-0.12992,0.11127,0.22682,-0.10583,0.17458,-0.015658,0.0086917,-0.63984,-12.508,-0.099836,0.1193,0.34165,-0.1766,-0.42715,-0.15082,0.077417,-0.046275,-0.25224,-0.21677,-0.086957,0.14867
0.40186,-9.9626,1.9294,-0.37061,-0.35348,0.43106,0.27242,-0.1378,0.029029,0.3903,0.17597,0.10611,-0.038309,-0.24611,-0.61153,-11.935,-0.037251,0.16467,0.23359,-0.28615,-0.33921,-0.17963,-0.14471,0.015461,-0.056304,-0.10221,-0.28144,-0.16913
0.43882,-9.7211,1.9342,-0.41388,-0.53606,0.39783,0.15842,4.4659e-06,0.11392,-0.064838,-0.23914,0.092213,-0.25624,-0.47001,-0.6217,-12.278,-0.27514,-0.22072,-0.1234,0.038234,-0.04114,-0.11192,-0.018869,0.11453,0.30654,0.21654,-0.18099,0.11898
0.56786,-9.6026,1.9517,-0.57331,-0.54652,0.35176,0.20002,-0.30987,0.010368,0.17669,-0.042637,-0.081624,-0.072798,-0.049284,-0.62491,-12.22,-0.056682,-0.1107,-0.043754,0.080291,0.29013,0.34821,0.016556,-0.098644,-0.029607,-0.15109,-0.10026,0.13372
0.43892,-9.7354,1.7858,-0.71828,-0.72929,0.1811,0.10676,-0.05819,0.22599,0.2529,0.36493,0.24224,-0.17775,-0.44195,-0.60367,-12.106,-0.034066,0.23279,0.039941,0.2483,0.18089,-0.085705,-0.090241,0.11166,-0.075321,-0.033338,0.17005,0.081042
0.33788,-10.137,1.445,-0.43237,-0.47688,0.61488,0.32592,-0.10981,-0.0063721,0.23655,0.047329,0.028296,-0.11957,-0.45745,-0.55927,-12.295,-0.1684,-0.015393,-0.0067286,-0.17282,-0.37452,-0.30454,-0.45187,-0.1795,0.039681,0.25565,-0.068811,-0.10429
